{"cameraMode":{"drawMode":0,"name":"Shaded","section":"Shading Mode"},"sceneLighting":true,"audioPlay":false,"sceneViewState":{"m_AlwaysRefresh":false,"showFog":true,"showSkybox":true,"showFlares":true,"showImageEffects":true,"showParticleSystems":true,"showVisualEffectGraphs":true,"m_FxEnabled":true},"in2DMode":false,"pivot":{"x":0.8272051811218262,"y":-15.383277893066407,"z":-0.12843845784664155},"rotation":{"x":0.7071037292480469,"y":-1.3105117879774753e-8,"z":-9.776570664143947e-9,"w":0.7071040272712708},"size":12.229459762573243,"orthographic":false}